/*!40101 SET NAMES utf8 */;
/*!40014 SET FOREIGN_KEY_CHECKS=0 */;
/*!40101 SET SQL_MODE='NO_AUTO_VALUE_ON_ZERO' */;
/*!40111 SET SQL_NOTES=0 */;
CREATE DATABASE /*!32312 IF NOT EXISTS*/ inventarios /*!40100 DEFAULT CHARACTER SET utf8mb4 */;
USE inventarios;

DROP TABLE IF EXISTS clientes;
CREATE TABLE `clientes` (
  `ID` varchar(11) COLLATE utf8_spanish_ci NOT NULL,
  `DV` int DEFAULT NULL,
  `TIPO_DOC` varchar(3) COLLATE utf8_spanish_ci DEFAULT NULL,
  `NOMBRE` varchar(50) COLLATE utf8_spanish_ci DEFAULT NULL,
  `RAZON_SOCIAL` varchar(100) COLLATE utf8_spanish_ci DEFAULT NULL,
  `DEPARTAMENTO` varchar(50) COLLATE utf8_spanish_ci DEFAULT NULL,
  `CIUDAD` varchar(50) COLLATE utf8_spanish_ci DEFAULT NULL,
  `DIRECCION` varchar(100) COLLATE utf8_spanish_ci DEFAULT NULL,
  `TELEFONO1` int DEFAULT NULL,
  `TELEFONO2` int DEFAULT NULL,
  `MOVIL` bigint DEFAULT NULL,
  `ID_USUARIO` int DEFAULT NULL,
  PRIMARY KEY (`ID`),
  KEY `FK_CLIUSU` (`ID_USUARIO`),
  CONSTRAINT `clientes_FK` FOREIGN KEY (`ID_USUARIO`) REFERENCES `usuarios` (`ID`) ON DELETE RESTRICT ON UPDATE RESTRICT
) ENGINE=InnoDB DEFAULT CHARSET=utf8mb3 COLLATE=utf8_spanish_ci;

DROP TABLE IF EXISTS compras;
CREATE TABLE `compras` (
  `ID` int NOT NULL AUTO_INCREMENT,
  `FECHA_COMPRA` date NOT NULL,
  `PROVEEDOR` int DEFAULT NULL,
  `CODIGO` int DEFAULT NULL,
  `CODIGO_BARRAS` varchar(15) COLLATE utf8_spanish_ci NOT NULL,
  `DESCRIPCION` varchar(200) COLLATE utf8_spanish_ci NOT NULL,
  `COLOR` varchar(50) COLLATE utf8_spanish_ci NOT NULL,
  `MARCA` varchar(50) COLLATE utf8_spanish_ci NOT NULL,
  `REFERENCIA` varchar(50) COLLATE utf8_spanish_ci NOT NULL,
  `GARANTIA` date NOT NULL,
  `CANTIDAD` int NOT NULL,
  `V_UNITARIO` decimal(10,0) NOT NULL,
  `TOTAL` decimal(10,0) NOT NULL,
  PRIMARY KEY (`ID`),
  KEY `FK_Procompras` (`PROVEEDOR`),
  KEY `fk_ProId` (`CODIGO`),
  CONSTRAINT `compras_FK` FOREIGN KEY (`PROVEEDOR`) REFERENCES `proveedores` (`ID`) ON DELETE RESTRICT ON UPDATE RESTRICT,
  CONSTRAINT `fk_ProId` FOREIGN KEY (`CODIGO`) REFERENCES `materiales` (`IDMATERIAL`) ON DELETE RESTRICT ON UPDATE RESTRICT
) ENGINE=InnoDB AUTO_INCREMENT=12 DEFAULT CHARSET=utf8mb3 COLLATE=utf8_spanish_ci;

DROP TABLE IF EXISTS devolucion;
CREATE TABLE `devolucion` (
  `ID` int NOT NULL AUTO_INCREMENT,
  `PEDIDO` int DEFAULT NULL,
  `FECHA_PEDIDO` date NOT NULL,
  `CODIGO` int DEFAULT NULL,
  `CODIGO_BARRAS` varchar(15) COLLATE utf8_spanish_ci NOT NULL,
  `DESCRIPCION` varchar(200) COLLATE utf8_spanish_ci NOT NULL,
  `COLOR` varchar(50) COLLATE utf8_spanish_ci NOT NULL,
  `MARCA` varchar(50) COLLATE utf8_spanish_ci NOT NULL,
  `REFERENCIA` varchar(50) COLLATE utf8_spanish_ci NOT NULL,
  `GARANTIA` date NOT NULL,
  `CANTIDAD` int NOT NULL,
  `V_UNITARIO` decimal(10,0) NOT NULL,
  `TOTAL` decimal(10,0) NOT NULL,
  PRIMARY KEY (`ID`),
  KEY `FK_DEVPVENTA` (`PEDIDO`),
  KEY `FK_DEVCOD` (`CODIGO`),
  CONSTRAINT `FK_DEVCOD` FOREIGN KEY (`CODIGO`) REFERENCES `materiales` (`IDMATERIAL`) ON DELETE RESTRICT ON UPDATE RESTRICT,
  CONSTRAINT `FK_DEVPVENTA` FOREIGN KEY (`PEDIDO`) REFERENCES `pedidos` (`ID`) ON DELETE RESTRICT ON UPDATE RESTRICT
) ENGINE=InnoDB AUTO_INCREMENT=19 DEFAULT CHARSET=utf8mb3 COLLATE=utf8_spanish_ci;

DROP TABLE IF EXISTS inventario;
CREATE TABLE `inventario` (
  `ID` int NOT NULL AUTO_INCREMENT,
  `N_COMPRAS` int DEFAULT NULL,
  `N_PEDIDO` int DEFAULT NULL,
  `N_DEVOLUCION` int DEFAULT NULL,
  `CODIGO` int DEFAULT NULL,
  `DESCRIPCION` varchar(200) CHARACTER SET utf8 COLLATE utf8_spanish_ci NOT NULL,
  `COLOR` varchar(20) CHARACTER SET utf8 COLLATE utf8_spanish_ci NOT NULL,
  `MARCA` varchar(30) CHARACTER SET utf8 COLLATE utf8_spanish_ci NOT NULL,
  `REFERENCIA` varchar(20) CHARACTER SET utf8 COLLATE utf8_spanish_ci NOT NULL,
  `GARANTIA` varchar(20) CHARACTER SET utf8 COLLATE utf8_spanish_ci NOT NULL,
  `CANT_DISPONIBLE` int NOT NULL,
  PRIMARY KEY (`ID`),
  KEY `FK_DTMATERAIL` (`CODIGO`),
  KEY `FK_INCOMP` (`N_COMPRAS`),
  KEY `FK_INVPED` (`N_PEDIDO`),
  KEY `FK_INVDEV` (`N_DEVOLUCION`),
  CONSTRAINT `FK_DTMATERAIL` FOREIGN KEY (`CODIGO`) REFERENCES `materiales` (`IDMATERIAL`) ON DELETE RESTRICT ON UPDATE RESTRICT,
  CONSTRAINT `FK_INCOMP` FOREIGN KEY (`N_COMPRAS`) REFERENCES `compras` (`ID`) ON DELETE RESTRICT ON UPDATE RESTRICT,
  CONSTRAINT `FK_INVDEV` FOREIGN KEY (`N_DEVOLUCION`) REFERENCES `devolucion` (`ID`) ON DELETE RESTRICT ON UPDATE RESTRICT,
  CONSTRAINT `FK_INVPED` FOREIGN KEY (`N_PEDIDO`) REFERENCES `pedidos` (`ID`) ON DELETE RESTRICT ON UPDATE RESTRICT
) ENGINE=InnoDB AUTO_INCREMENT=6 DEFAULT CHARSET=utf8mb3 COLLATE=utf8_spanish_ci;

DROP TABLE IF EXISTS materiales;
CREATE TABLE `materiales` (
  `IDMATERIAL` int NOT NULL AUTO_INCREMENT,
  `CODIGOBARRAS` varchar(15) COLLATE utf8_spanish_ci DEFAULT NULL,
  `DESCRIPCION` varchar(200) COLLATE utf8_spanish_ci DEFAULT NULL,
  `COLOR` varchar(50) COLLATE utf8_spanish_ci DEFAULT NULL,
  `MARCA` varchar(50) COLLATE utf8_spanish_ci DEFAULT NULL,
  PRIMARY KEY (`IDMATERIAL`) USING BTREE
) ENGINE=InnoDB AUTO_INCREMENT=1084 DEFAULT CHARSET=utf8mb3 COLLATE=utf8_spanish_ci;

DROP TABLE IF EXISTS pedidos;
CREATE TABLE `pedidos` (
  `ID` int NOT NULL AUTO_INCREMENT,
  `FECHA_PEDIDO` date NOT NULL,
  `CLIENTE` varchar(11) COLLATE utf8_spanish_ci NOT NULL,
  `CODIGO` int NOT NULL,
  `CODIGO_BARRAS` varchar(15) COLLATE utf8_spanish_ci NOT NULL,
  `DESCRIPCION` varchar(200) COLLATE utf8_spanish_ci NOT NULL,
  `COLOR` varchar(50) COLLATE utf8_spanish_ci NOT NULL,
  `MARCA` varchar(50) COLLATE utf8_spanish_ci NOT NULL,
  `REFERENCIA` varchar(50) COLLATE utf8_spanish_ci NOT NULL,
  `GARANTIA` date NOT NULL,
  `CANTIDAD` int NOT NULL,
  `V_UNITARIO` decimal(10,0) NOT NULL,
  `TOTAL` decimal(10,0) NOT NULL,
  PRIMARY KEY (`ID`),
  KEY `FK_CLIPED` (`CLIENTE`),
  KEY `FK_CLICOD` (`CODIGO`),
  CONSTRAINT `FK_CLICOD` FOREIGN KEY (`CODIGO`) REFERENCES `materiales` (`IDMATERIAL`) ON DELETE RESTRICT ON UPDATE RESTRICT,
  CONSTRAINT `FK_CLIPED` FOREIGN KEY (`CLIENTE`) REFERENCES `clientes` (`ID`) ON DELETE RESTRICT ON UPDATE RESTRICT
) ENGINE=InnoDB AUTO_INCREMENT=9 DEFAULT CHARSET=utf8mb3 COLLATE=utf8_spanish_ci;

DROP TABLE IF EXISTS proveedores;
CREATE TABLE `proveedores` (
  `ID` int NOT NULL AUTO_INCREMENT,
  `DV` int NOT NULL,
  `TIPO_DOC` varchar(3) COLLATE utf8_spanish_ci NOT NULL,
  `NOMBRE` varchar(50) COLLATE utf8_spanish_ci NOT NULL,
  `RAZON_SOCIAL` varchar(200) COLLATE utf8_spanish_ci NOT NULL,
  `DIRECCION` varchar(150) COLLATE utf8_spanish_ci NOT NULL,
  `DEPARTAMENTO` varchar(50) COLLATE utf8_spanish_ci NOT NULL,
  `CIUDAD` varchar(50) COLLATE utf8_spanish_ci NOT NULL,
  `TELEFONO1` varchar(10) COLLATE utf8_spanish_ci NOT NULL,
  `TELEFONO2` varchar(10) COLLATE utf8_spanish_ci NOT NULL,
  `MOVIL` varchar(10) COLLATE utf8_spanish_ci NOT NULL,
  `EMAIL` varchar(150) COLLATE utf8_spanish_ci NOT NULL,
  `ID_USUARIO` int NOT NULL,
  PRIMARY KEY (`ID`),
  KEY `FK_PROUSU` (`ID_USUARIO`),
  CONSTRAINT `proveedores_FK` FOREIGN KEY (`ID_USUARIO`) REFERENCES `usuarios` (`ID`) ON DELETE RESTRICT ON UPDATE RESTRICT
) ENGINE=InnoDB AUTO_INCREMENT=41886206 DEFAULT CHARSET=utf8mb3 COLLATE=utf8_spanish_ci;

DROP TABLE IF EXISTS roles;
CREATE TABLE `roles` (
  `ID` varchar(2) COLLATE utf8_spanish_ci NOT NULL,
  `ROL` varchar(50) COLLATE utf8_spanish_ci DEFAULT NULL,
  PRIMARY KEY (`ID`)
) ENGINE=InnoDB DEFAULT CHARSET=utf8mb3 COLLATE=utf8_spanish_ci;

DROP TABLE IF EXISTS usuarios;
CREATE TABLE `usuarios` (
  `ID` int NOT NULL AUTO_INCREMENT,
  `TIPO_DOC` varchar(2) COLLATE utf8_spanish_ci DEFAULT NULL,
  `NOMBRES` varchar(15) COLLATE utf8_spanish_ci DEFAULT NULL,
  `APELLIDOS` varchar(14) COLLATE utf8_spanish_ci DEFAULT NULL,
  `DIRECCION` varchar(32) COLLATE utf8_spanish_ci DEFAULT NULL,
  `TELEFONO1` varchar(10) COLLATE utf8_spanish_ci DEFAULT NULL,
  `TELEFONO2` varchar(10) COLLATE utf8_spanish_ci DEFAULT NULL,
  `MOVIL` varchar(10) COLLATE utf8_spanish_ci DEFAULT NULL,
  `USUARIO` varchar(8) COLLATE utf8_spanish_ci DEFAULT NULL,
  `CONTRASEÑA` varchar(7) CHARACTER SET utf8 COLLATE utf8_spanish_ci DEFAULT NULL,
  `ID_ROL` varchar(2) COLLATE utf8_spanish_ci DEFAULT NULL,
  `CEDULA` varchar(30) COLLATE utf8_spanish_ci DEFAULT NULL,
  PRIMARY KEY (`ID`),
  KEY `FK_Rol` (`ID_ROL`),
  CONSTRAINT `FK_Rol` FOREIGN KEY (`ID_ROL`) REFERENCES `roles` (`ID`) ON DELETE RESTRICT ON UPDATE RESTRICT
) ENGINE=InnoDB DEFAULT CHARSET=utf8mb3 COLLATE=utf8_spanish_ci;

INSERT INTO clientes(ID,DV,TIPO_DOC,NOMBRE,RAZON_SOCIAL,DEPARTAMENTO,CIUDAD,DIRECCION,TELEFONO1,TELEFONO2,MOVIL,ID_USUARIO) VALUES('14.255.524',3,'NIT','Carlos Jose Alvarado Parra','Mercacentro No. 10','Tolima','Ibagué','Carrera 16sur No 96 – 48 Barrio El Poblado',NULL,NULL,NULL,NULL),('42.009.510',4,'CC','Martha Lucia Valencia Grisales',NULL,'Tolima','Ibagué','Manzana B Casa 9 Prados Del Norte',NULL,NULL,3212367331,NULL),('65.730.812',NULL,'CC','Maria Nancy Peña Ferrer',NULL,'Tolima','Ibagué','Conjunto Residencial Millenium I – Apartamento 223',NULL,NULL,NULL,NULL),('65.738.745',NULL,'CC','Maria Victoria Mahecha Moreno',NULL,'Tolima','Ibagué',NULL,NULL,NULL,NULL,NULL),('800.037.800',8,'NIT',NULL,'Banco Agrario De Colombia','Huila','Neiva','Carrera 3 No. 6-05',8319552,NULL,NULL,NULL),('800.141.632',1,'NIT',NULL,'Ministerio De Defensa Nacional – Fuerza Aerea Colombiana – Comando Aereo De Combate No. 4','Tolima','Melgar','Base Aérea Tc. Luis F. Pinto, Km. 1 Vía',2450534,NULL,NULL,NULL),('800.173.719',0,'NIT',NULL,'Inst Tolimense De Formación Técnica Profesional – Itfip','Tolima','Espinal','Calle 18 Carrera 1ª Barrio Arkabal',2483503,2480110,NULL,NULL),('800.228.100',0,'NIT',NULL,'Edificio “Camino Real”','Tolima','Ibagué','Carrera 4j No. 36-102',NULL,NULL,NULL,NULL),('809.002.642',2,'NIT',NULL,'Edificio La Pradera','Tolima','Ibagué','Carrera 5 No. 11-80',NULL,NULL,NULL,NULL),('809.010.682',0,'NIT',NULL,'Conjunto Residencial Millenium 1ª Etapa','Tolima','Ibagué','Calle 65ª No. 6-25 Sector Arkacentro',2742782,NULL,NULL,NULL),('811.000.340',1,'NIT',NULL,'Laboratorios Funat S.A.S.','Tolima','Ibagué','Carrera 3 No. 16 – 42',2610500,NULL,NULL,NULL),('830.041.236',6,'NIT',NULL,'Genericos Esenciales S.A.','Tolima','Ibagué','Carrera 4c No. 39-29 B/Macarena Alta',2762179,NULL,NULL,NULL),('890.109.866',2,'NIT',NULL,'Gestar Pharma Sas','Tolima','Ibagué','Calle 36 No. 4b-02 Barrio Cadiz',NULL,NULL,NULL,NULL),('890.700.755',5,'NIT',NULL,'Instituto De Financiamiento, Promocion Y Desarrollo De Ibague – Infibague','Tolima','Ibagué','Calle 60 Con Carrera 5 Edif. Cami Norte',2746888,2747444,NULL,NULL),('890.701.077',4,'NIT',NULL,'Alcaldia Municipal De Purificacion','Tolima','Purificación','Palacio Municipal Kra 4 N 8-122 Barrio El Camellón',2280049,2280050,NULL,NULL),('890.701.933',4,'NIT',NULL,'Alcaldía De Melgar – Tolima','Tolima','Ibagué','Carrera 25 No. 5-56',2452625,NULL,NULL,NULL),('890.705.465',7,'NIT',NULL,'Institucion Educativa “ Santa Rosa De Lima ”','Tolima','Suarez','Calle 4 Carrera 4 Suarez – Toima',NULL,NULL,NULL,NULL),('899.999.034',1,'NIT',NULL,'Servicio Nacional De Aprendizaje – Sena','Tolima','Espinal','Centro Agropecuario La Granja Sena – Espinal',2709600,NULL,NULL,NULL),('899.999.067',2,'NIT',NULL,'Contraloria General De La Republica – Gerencia Departamental Colegiada Del Tolima','Tolima','Ibagué','Calle 14 No. 3a-34',2619620,NULL,NULL,NULL),('900.169.235',5,'NIT',NULL,'Natures Stores S.A.S.','Tolima','Ibagué','Carrera 5 Calle 37. Éxito De La 37 Con 5a',2662812,NULL,NULL,NULL),('900.358.287',9,'NIT',NULL,'Petroandes Oil. S.A.S.','Tolima','Ibagué','Carrera 1 No. 22-04',263752,2624803,NULL,NULL),('900.479.471',9,'NIT',NULL,'El Pomar Construcciones','Tolima',NULL,NULL,NULL,NULL,NULL,NULL),('900.480.525',8,'NIT',NULL,'Interamericana De Lubricantes Sas Interlub','Tolima','Ibagué','Calle 11 Sur No. 7-23',NULL,NULL,NULL,NULL),('900.486.439',1,'NIT',NULL,'Policia Nacional - Policia Metropolitana De Ibague','Tolima','Ibagué','Avenida Ferrocarril Con Calle 23',2708401,NULL,NULL,NULL),('900.494.089',9,'NIT',NULL,'Cenditer Sas','Tolima','Ibagué','Avenida 19 Carrera 13 Vía Calambeo Consultorio 202',2616200,NULL,NULL,NULL),('900.762.686',2,'NIT',NULL,'Mirador De Belen','Tolima','Ibagué','Carrera 11 No. 4-41 Barrio Belen',5157804,NULL,NULL,NULL),('900.789.371',9,'NIT',NULL,'Madeira Campestre Conjunto Residencial Cerrado – P.H.','Tolima','Ibagué','Calle 147 No. 16 Sur 02',NULL,NULL,3187038905,NULL),('900.804.755',8,'NIT',NULL,'Alistarautos Servitecas Verdes S.A.S.','Tolima','Ibagué','Avenida 60 Con Avenida Guabinal Esquina. Centro Comercial Acqua. Local 3 Sotano 0',2629163,NULL,NULL,NULL),('901.331.740',0,'NIT',NULL,'Edificio Morada Pinaos','Tolima','Ibagué','Carrera 13e #21-65 Calambeo',NULL,NULL,NULL,NULL);

INSERT INTO compras(ID,FECHA_COMPRA,PROVEEDOR,CODIGO,CODIGO_BARRAS,DESCRIPCION,COLOR,MARCA,REFERENCIA,GARANTIA,CANTIDAD,V_UNITARIO,TOTAL) VALUES(1,'2021-11-02',2,1003,'','Prueba 1','','','','2021-11-01',2,1000,2000),(2,'2021-11-10',4,1003,'gfdsfsd','fdsf','fdsfsd','fdsfsd','fdsfds','2021-11-10',5,550,2750),(3,'2021-11-10',1,1003,'gfdsfsdf','fsd','fdsfsd','fdsfsd','sffsd','2021-11-24',1,1,1),(4,'2021-11-09',1,1003,'gfdsfsdffds','sdf','sdf','sdf','sdf','2021-11-10',1,1,1),(5,'2021-11-08',1,1003,'gfdsfsdffds','fds','sf','sdfsdf','sf','2021-11-18',1,1,1),(6,'2021-11-15',1,1003,'gfdsfsd','dfs','fdsfsd','fdsfsd','fdsfds','2021-11-11',1,1,1),(7,'2021-11-01',1,1003,'gfdsfsdffds','dsfsd','sdfsd','sdfsdffsd','sdfs','2021-12-01',1,1,1),(8,'2021-12-01',1,1003,'gfdsfsdffds','dsfsd','fsdf','sdfsdf','fdsfds','2021-11-17',1,1,1),(9,'2021-11-09',1,1003,'54354','algo','rojo','fdsaf','fasd','2021-12-08',12,14,168),(10,'2021-11-16',4,1028,'FSDFSD','FSDGFDSDFGGGGGGGGGGGGGGGGGGGGGGGGGGGGGGGGGGGGGGGGGGGGGGGGGGGGGGGGGGG','FDS','FSD','FSD','2021-11-16',1,100,100),(11,'2021-11-16',1,1003,'fds','fsd','dsf','sf','sdf','2021-11-17',20,1,20);

INSERT INTO devolucion(ID,PEDIDO,FECHA_PEDIDO,CODIGO,CODIGO_BARRAS,DESCRIPCION,COLOR,MARCA,REFERENCIA,GARANTIA,CANTIDAD,V_UNITARIO,TOTAL) VALUES(1,4,'2022-11-21',1013,'','algo','rojo','fdsaf','fasd','2021-12-08',1,14,14),(2,3,'2022-11-21',1012,'','dsfsd','fsdf','sdfsdf','fdsfds','2021-11-17',1,1,1),(3,4,'2022-11-21',1013,'','algo','rojo','fdsaf','fasd','2021-12-08',1,14,14),(4,4,'2022-11-21',1013,'','algo','rojo','fdsaf','fasd','2021-12-08',1,14,14),(5,4,'2022-11-21',1013,'','algo','rojo','fdsaf','fasd','2021-12-08',1,14,14),(6,4,'2022-11-21',1013,'','algo','rojo','fdsaf','fasd','2021-12-08',1,14,14),(7,7,'2022-11-21',1018,'','FSD','FDS','FSD','FSD','2021-11-16',1,1,1),(8,7,'2022-11-21',1018,'','FSD','FDS','FSD','FSD','2021-11-16',1,1,1),(9,7,'2022-11-21',1018,'','FSD','FDS','FSD','FSD','2021-11-16',1,1,1),(10,7,'2022-11-21',1018,'','FSD','FDS','FSD','FSD','2021-11-16',1,1,1),(11,7,'2022-11-21',1018,'','FSD','FDS','FSD','FSD','2021-11-16',1,1,1),(12,7,'2022-11-21',1018,'','FSD','FDS','FSD','FSD','2021-11-16',1,1,1),(13,7,'2022-11-21',1018,'','FSD','FDS','FSD','FSD','2021-11-16',1,1,1),(14,5,'2022-11-21',1013,'','algo','rojo','fdsaf','fasd','2021-12-08',1,14,14),(15,4,'2022-11-21',1013,'','algo','rojo','fdsaf','fasd','2021-12-08',1,14,14),(16,6,'2022-11-21',1013,'','algo','rojo','fdsaf','fasd','2021-12-08',2,14,28),(17,8,'2022-11-21',1013,'','algo','rojo','fdsaf','fasd','2021-12-08',6,14,84),(18,8,'2022-11-21',1013,'','algo','rojo','fdsaf','fasd','2021-12-08',6,14,84);

INSERT INTO inventario(ID,N_COMPRAS,N_PEDIDO,N_DEVOLUCION,CODIGO,DESCRIPCION,COLOR,MARCA,REFERENCIA,GARANTIA,CANT_DISPONIBLE) VALUES(3,9,7,NULL,1013,'algo','rojo','fdsaf','fasd','2021-12-08',4),(4,8,8,NULL,1018,'FSD','FDS','FSD','FSD','2021-11-16',2),(5,11,NULL,NULL,1003,'fsd','dsf','sf','sdf','2021-11-17',20);

INSERT INTO materiales(IDMATERIAL,CODIGOBARRAS,DESCRIPCION,COLOR,MARCA) VALUES(1003,'121102101003','TOMACORRIENTE DOBLE P/T','BLANCO','LUMINEX-GALICA 2'),(1005,'121102101003','TOMACORRIENTE DOBLE P/T','BLANCO','LUMINEX-GALICA 2'),(1006,'115100101001','CAJA HORIZONTAL/VERTICAL 40 MM','BLANCO','DEXSON'),(1007,'144123100120','INTERRUPTOR DOBLE','BLANCO','LUMINEX-GALICA 2'),(1008,'100102100060','CINTA AISLANTE ELECTRICA 19 MM X 18.3 MTS TEMFLEX 165','NEGRA','3M'),(1010,'1441231001279','TAPA OCTAGONAL PVC','BLANCO','ICAFEL'),(1012,'143116100014','TOMA COAXIAL TV AMERICANA','BLANCO','LUMINEX-GALICA 2'),(1013,'144123100605','INTERRUPTOR SENCILLO CONMUTABLE','BLANCO','LUMINEX-GALICA 2'),(1014,'144132100026','INTERRUPTOR TRIPLE','BLANCO','LUMINEX-GALICA 2'),(1015,'109108101050','ALAMBRE CU AISLADO THHN/THWN No 12','ROJO','CENTELSA'),(1016,'109108101022','ALAMBRE CU AISLADO THHN/THWN No 12','AMARILLO','CENTELSA'),(1017,'109108101027','ALAMBRE CU AISLADO THHN/THWN No 14','VERDE','CENTELSA'),(1018,'144120100004','SONDA 3 MM 1/8\" x 15 MTS',NULL,'PESCAMIN'),(1019,'109107100023','ALAMBRE CU DESNUDO N° 14',NULL,'CENTELSA'),(1020,'127101100110','TOMACORRIENTE DOBLE P/T SOBREPONER','CREMA','IMPORTADO'),(1021,'123113103005','INTERRUPTOR ENCHUFABLE SAFIC DSE 1 X 50 AMP',NULL,'LUMINEX-GENERALISTA'),(1022,'109108101057','ALAMBRE CU AISLADO THHN/THWN No 12','BLANCO','CENTELSA'),(1023,'115101101023','CANALETA LISA 20 x 12 MM C/ADHESIVO','BLANCO','DEXSON'),(1024,'141104103029','TOMACORRIENTE S/LLA P/T +INTERRUPTOR','BLANCO','LUMINEX-GALICA 2'),(1025,'123113103005','INTERRUPTOR ENCHUFABLE SAFIC DSE 1 X 50 AMP',NULL,'LUMINEX-GENERALISTA'),(1026,'137100100009','CINTA AISLANTE ELECTRICA 18 MM X 18 MTS TEMFLEX 1700','NEGRA','3M'),(1027,'110001000076','MACHO PRESION 1.1/4 PVC',NULL,NULL),(1028,'110001000061','HEMBRA PRESION 1.1/4 PVC',NULL,'PROBANDOOOOOO'),(1029,'110001000074','MACHO PRESION 3/4 PVC',NULL,NULL),(1030,'110001000059','HEMBRA PRESION 3/4 PVC',NULL,NULL),(1031,'110001000042','BUJE PRESION SOLD. 3/4 X1/2',NULL,NULL),(1032,'110009000011','SOLDADURA PVC CESOL - PCP 1/64',NULL,NULL),(1033,'110001000086','UNION PRESION 1/2 PVC',NULL,NULL),(1035,'110001000060','HEMBRA PRESION 1 PVC',NULL,NULL),(1036,'110001000058','HEMBRA PRESION 1/2 PVC',NULL,NULL),(1037,'110001000073','MACHO PRESION 1/2 PVC',NULL,NULL),(1038,'110001000075','MACHO PRESION 1 PVC',NULL,NULL),(1039,'110001000001','CODO PRESION 1/2',NULL,NULL),(1040,'110001000099','TEE PRESION 1/2 PVC',NULL,NULL),(1041,'100006000022','VALVULA 1/2 BOLA SOLDAR PVC','BLANCO',NULL),(1042,'110005000001','TUBO PRE-RDE 13.5 1/2 6MTS. PRESION',NULL,NULL),(1043,'100007000007','FLOTADOR XXXXXX PLASTICOS 1/2',NULL,NULL),(1044,'100005000003','CHEQUE CORTI GRIVAL 1/2',NULL,NULL),(1045,'110001000133','UNIVERSAL 1/2 PVC',NULL,NULL),(1046,'110001000025','BUJE PRESION SOLD. 1 x 1/2',NULL,NULL),(1047,'110009000009','SOLDADURA PVC CESOL - PCP 1/32',NULL,NULL),(1048,'123116100231','SENSOR MOV.TECHO 100/240VAC 360° 1200W COBERT',NULL,'VIE'),(1049,'123113103004','INTERRUPTOR ENCHUFABLE SAFIC DSE 1 X 40 AMP',NULL,'LUMINEX-GENERALISTA'),(1050,NULL,'CAMARA TIPO BALA TURBOHD 5 Megapixel / Imagen a color 24/7 / Lente 3.6 mm / METAL / Luz blanca 20 mts / Exterior IP67 / TVI-AHD-CVI-CVBS / WDR 130 DB',NULL,NULL),(1051,NULL,'CABLE UTP CAT 5 EXTERIOR ALEACIÓN 60/40 ROLLO X 305 METROS',NULL,NULL),(1052,NULL,'CAMARA TURBO 720P BALA EXIR 0.01LUX F2.8 IR20m IP66 SEMIMETAL HIKVISION',NULL,NULL),(1053,NULL,'CAMARA TURBO 1080P INT TURRET 0.01LUXF2.8 EXIR IR20m PLASTICA HILOOK',NULL,NULL),(1054,NULL,'FUENTE 12V 3 AMP',NULL,NULL),(1055,NULL,'FUENTE 12V 3 AMP',NULL,NULL),(1056,NULL,'VIDEO BALUM PASIVO PAR AZUL',NULL,NULL),(1057,NULL,'CAMARA TURBO 720P EXT TURRET D/N F2.8 EXIR IR20m IP67 SEMI METAL HILOOK',NULL,NULL),(1058,NULL,'DVR 4CH TURBO 720P 1BAHIA/6TB H.264+ 25FPS HDMI/VGA PLASTICO HIKVISION',NULL,NULL),(1059,NULL,'FUENTE 12V 1 AMP',NULL,NULL),(1060,NULL,'VIDEO BALUM PASIVO PAR AZUL',NULL,NULL),(1061,NULL,'CONECTOR DC MACHO CCTV',NULL,NULL),(1062,NULL,'CONECTOR DC HEMBRA CCTV',NULL,NULL),(1063,NULL,'CAMARA TURBO 720P BALA EXIR 0.01LUX F2.8 IR20m IP66 SEMIMETAL HIKVISION',NULL,NULL),(1064,NULL,'CABLE UTP CAT 5 EXTERIOR ALEACION 70/30 ROLLO X 100 METROS',NULL,NULL),(1065,NULL,'CAJA PLASTICA 10X10 SIGMA',NULL,NULL),(1066,'141106103010','TUBO CONDUIT PVC 1/2\" X 3 MTS',NULL,'GERFOR'),(1067,'144111118053','TUBO CONDUIT METALICO EMT 1/2\" X 3 MTS',NULL,'FUJI'),(1068,'141103101027','ADAPTADOR CONDUIT EMT 1/2\" T/PESADO',NULL,'NACIONAL'),(1069,NULL,'CAMARA TURBO 720P EXT BALA D/NF3.6 EXIR IR40m IP66 METAL HILOOK',NULL,NULL),(1070,'109110101013','CABLE CU DUPLEX SPT 60° 300V 2 X 18','BLANCO','CENTELSA'),(1071,'gdfgdfsy','fdgsf','gdfgs','gdfsgs'),(1072,'54543','54353','5435','543534');

INSERT INTO pedidos(ID,FECHA_PEDIDO,CLIENTE,CODIGO,CODIGO_BARRAS,DESCRIPCION,COLOR,MARCA,REFERENCIA,GARANTIA,CANTIDAD,V_UNITARIO,TOTAL) VALUES(3,'2022-11-21','14.255.524',1012,'','dsfsd','fsdf','sdfsdf','fdsfds','2021-11-17',1,1,1),(4,'2022-11-21','14.255.524',1013,'','algo','rojo','fdsaf','fasd','2021-12-08',1,14,14),(5,'2022-11-21','14.255.524',1013,'','algo','rojo','fdsaf','fasd','2021-12-08',1,14,14),(6,'2022-11-21','14.255.524',1013,'','algo','rojo','fdsaf','fasd','2021-12-08',2,14,28),(7,'2022-11-21','14.255.524',1018,'','FSD','FDS','FSD','FSD','2021-11-16',1,1,1),(8,'2022-11-21','14.255.524',1013,'','algo','rojo','fdsaf','fasd','2021-12-08',6,14,84);

INSERT INTO proveedores(ID,DV,TIPO_DOC,NOMBRE,RAZON_SOCIAL,DIRECCION,DEPARTAMENTO,CIUDAD,TELEFONO1,TELEFONO2,MOVIL,EMAIL,ID_USUARIO) VALUES(1,2,'NIT','  ','Ferreteria Horizonte  ','Varsovia  ','Tolima  ','Ibagué  ',' 2745849  ',' 2887414','  ','',1),(2,2,'NIT','Carlos ','Ferreteria Doña Gloria ','Versalles ','Tolima ','Ibagué ','2743652 ',' 316458794',' ','',1),(3,2,'NIT',' ','Ferreteria Horizonte ','Varsovia ','Tolima ','Ibagué ',' 2745849 ',' 2543621',' ','',1),(4,3,'NIT',' ','Hierros y ferreteria ','Jordan ','Huila ','Neiva ','2690371 ',' 2778072',' ','',3),(41886205,9,'CC','dfds','fdsf','fdsaffds','fdsf','fdsff','dsfds','fdsfdsf','fds','juan@gmail.com',3);

INSERT INTO roles(ID,ROL) VALUES('1','Administrador'),('2','Instalador'),('3','Vendedor');
INSERT INTO usuarios(ID,TIPO_DOC,NOMBRES,APELLIDOS,DIRECCION,TELEFONO1,TELEFONO2,MOVIL,USUARIO,CONTRASEÑA,ID_ROL,CEDULA) VALUES(1,'CC','Jully Paola','Aldana Obando','','54545','543534','3534534','admin','12345','1','1110485601'),(2,'cc','gfdgfd','gfdgdf','gfdgd','gdfg','gdfgdf','ghdfgd','vendedor','12345','3','5435436434'),(3,'CC','Miguel Fernando','Murillo Olivar','Cra. 3 # 47 - 17 Versalles','','534533','3162332626','user','12345','2','93405519');